{
  "provider" : {
    "name" : "RegistryAPI"
  },
  "consumer" : {
    "name" : "AuthenticationOrchestrationAPI"
  },
  "interactions" : [
    {
      "request" : {
        "method" : "GET",
        "path" : "/applications/2fc4bfa7-a020-4c7c-8e11-02989ea6dc4b"
      },
      "description" : "fetch third application details by client id",
      "response" : {
        "status" : 200,
        "body" : {
          "redirectUrls" : [
            {
              "link" : "paymentauthorizationreceiver://temporaryToken"
            }
          ],
          "accessTokenTTL" : 900,
          "name" : "FM Appss",
          "authUrl" : "https://www.ing.nl/koppelingen",
          "description" : "asddd",
          "scopes" : {
            "authorizationCode" : [
              "personal_data",
              "initiate_preauthorized_order"
            ],
            "clientCredentials" : [
              "granting"
            ]
          },
          "applicationType" : "TP_APPLICATION",
          "refreshTokenTTL" : 31536000,
          "logo" : "",
          "id" : "2fc4bfa7-a020-4c7c-8e11-02989ea6dc4b"
        }
      },
      "providerState" : "registry service holds the third party applications details"
    }
  ]
}
