{
  "provider" : {
    "name" : "Means Administration API"
  },
  "consumer" : {
    "name" : "Authentication Orchestration API"
  },
  "interactions" : [
    {
      "request" : {
        "method" : "GET",
        "path" : "/security/means/authentication"
      },
      "description" : "get all means",
      "response" : {
        "status" : 200,
        "body" : [
          {
            "identifying" : true,
            "name" : "nl-username-passwords",
            "enrollmentType" : "explicit",
            "componentName" : "ing-orange-nl-username-password-authentication",
            "country" : [
              "nl"
            ],
            "consumer" : [
              "customer"
            ],
            "meansAgreementType" : "NL-USERNAME-PASSWORD",
            "status" : "active",
            "ciName" : "gLogCredMgtAPI",
            "metadata" : {
              "timestamp" : "2016-12-24 18:51:30"
            },
            "type" : [
              "Authentication"
            ]
          },
          {
            "identifying" : true,
            "name" : "nl-username-passwords1",
            "enrollmentType" : "explicit",
            "componentName" : "ing-orange-nl-username-password-authentication",
            "country" : [
              "nl"
            ],
            "consumer" : [
              "customer"
            ],
            "meansAgreementType" : "NL-USERNAME-PASSWORD",
            "status" : "active",
            "ciName" : "test-client",
            "metadata" : {
              "timestamp" : "2016-12-24 18:51:30"
            },
            "type" : [
              "Authentication"
            ]
          },
          {
            "identifying" : true,
            "name" : "nl-username-passwords2",
            "enrollmentType" : "explicit",
            "componentName" : "ing-orange-nl-username-password-authentication",
            "country" : [
              "nl"
            ],
            "consumer" : [
              "customer"
            ],
            "meansAgreementType" : "NL-USERNAME-PASSWORD",
            "status" : "active",
            "ciName" : "test-client",
            "metadata" : {
              "timestamp" : "2016-12-24 18:51:30"
            },
            "type" : [
              "Authentication"
            ]
          },
          {
            "identifying" : true,
            "name" : "nl-username-passwords3",
            "enrollmentType" : "explicit",
            "componentName" : "ing-orange-nl-username-password-authentication",
            "country" : [
              "nl"
            ],
            "consumer" : [
              "customer"
            ],
            "meansAgreementType" : "NL-USERNAME-PASSWORD",
            "status" : "active",
            "ciName" : "test-client",
            "metadata" : {
              "timestamp" : "2016-12-24 18:51:30"
            },
            "type" : [
              "Authentication"
            ]
          },
          {
            "identifying" : true,
            "name" : "nl-username-passwords4",
            "enrollmentType" : "explicit",
            "componentName" : "ing-orange-nl-username-password-authentication",
            "country" : [
              "nl"
            ],
            "consumer" : [
              "customer"
            ],
            "meansAgreementType" : "NL-USERNAME-PASSWORD",
            "status" : "active",
            "ciName" : "test-client",
            "metadata" : {
              "timestamp" : "2016-12-24 18:51:30"
            },
            "type" : [
              "Consent"
            ]
          },
          {
            "identifying" : true,
            "name" : "nl-mtoken",
            "enrollmentType" : "explicit",
            "componentName" : "test-component",
            "country" : [
              "nl"
            ],
            "consumer" : [
              "customer"
            ],
            "meansAgreementType" : "UUID",
            "status" : "inactive",
            "ciName" : "test-client",
            "metadata" : {
              
            },
            "type" : [
              "Authentication"
            ]
          },
          {
            "identifying" : true,
            "name" : "means-without-policy",
            "enrollmentType" : "explicit",
            "componentName" : "test-component",
            "country" : [
              "nl"
            ],
            "consumer" : [
              "customer"
            ],
            "meansAgreementType" : "",
            "status" : "active",
            "ciName" : "test-client",
            "metadata" : {
              
            },
            "type" : [
              "Authentication"
            ]
          },
          {
            "identifying" : true,
            "name" : "app-certificate",
            "enrollmentType" : "explicit",
            "componentName" : "test-component",
            "country" : [],
            "consumer" : [
              "application"
            ],
            "meansAgreementType" : "",
            "status" : "active",
            "ciName" : "AppCertificateMeansAPI",
            "metadata" : {
              
            },
            "type" : [
              "Authentication"
            ]
          },
          {
            "identifying" : true,
            "name" : "nl-pac",
            "enrollmentType" : "explicit",
            "componentName" : "test-component",
            "country" : [
              "nl"
            ],
            "consumer" : [
              "customer"
            ],
            "meansAgreementType" : "WB_MEANS_MTOKEN",
            "status" : "active",
            "ciName" : "test-client",
            "category" : "generic",
            "metadata" : {
              
            },
            "type" : [
              "Authentication"
            ]
          },
          {
            "identifying" : true,
            "name" : "test-only-means",
            "enrollmentType" : "explicit",
            "componentName" : "test-component",
            "country" : [
              "nl"
            ],
            "consumer" : [
              "customer"
            ],
            "meansAgreementType" : "WB_MEANS_MTOKEN",
            "status" : "active",
            "ciName" : "test-client",
            "metadata" : {
              "timestamp" : "2016-12-24 18:51:30"
            },
            "type" : [
              "Authentication"
            ]
          },
          {
            "identifying" : true,
            "name" : "test-only-means1",
            "enrollmentType" : "explicit",
            "componentName" : "test-component",
            "country" : [
              "nl"
            ],
            "consumer" : [
              "customer"
            ],
            "meansAgreementType" : "WB_MEANS_MTOKEN",
            "status" : "active",
            "ciName" : "test-client",
            "metadata" : {
              "timestamp" : "2016-12-24 18:51:30"
            },
            "type" : [
              "Authentication"
            ]
          },
          {
            "identifying" : true,
            "name" : "test-only-means2",
            "enrollmentType" : "explicit",
            "componentName" : "test-component",
            "country" : [
              "nl"
            ],
            "consumer" : [
              "customer"
            ],
            "meansAgreementType" : "WB_MEANS_MTOKEN",
            "status" : "active",
            "ciName" : "test-client",
            "metadata" : {
              "timestamp" : "2016-12-24 18:51:30"
            },
            "type" : [
              "Authentication"
            ]
          },
          {
            "identifying" : true,
            "name" : "test-only-means3",
            "enrollmentType" : "explicit",
            "componentName" : "test-component",
            "country" : [
              "nl"
            ],
            "consumer" : [
              "customer"
            ],
            "meansAgreementType" : "WB_MEANS_MTOKEN",
            "status" : "active",
            "ciName" : "test-client",
            "metadata" : {
              "timestamp" : "2016-12-24 18:51:30"
            },
            "type" : [
              "Authentication"
            ]
          },
          {
            "identifying" : true,
            "name" : "test-only-means4",
            "enrollmentType" : "explicit",
            "componentName" : "test-component",
            "country" : [
              "nl"
            ],
            "consumer" : [
              "customer"
            ],
            "meansAgreementType" : "WB_MEANS_MTOKEN",
            "status" : "active",
            "ciName" : "test-client",
            "metadata" : {
              "timestamp" : "2016-12-24 18:51:30"
            },
            "type" : [
              "Authentication"
            ]
          },
          {
            "identifying" : true,
            "name" : "test-only-means5",
            "enrollmentType" : "explicit",
            "componentName" : "test-component",
            "country" : [
              "nl"
            ],
            "consumer" : [
              "customer"
            ],
            "meansAgreementType" : "WB_MEANS_MTOKEN",
            "status" : "active",
            "ciName" : "test-client",
            "metadata" : {
              "timestamp" : "2016-12-24 18:51:30"
            },
            "type" : [
              "Consent"
            ]
          },
          {
            "identifying" : true,
            "name" : "test-only-means6",
            "enrollmentType" : "explicit",
            "componentName" : "test-component",
            "country" : [
              "nl"
            ],
            "consumer" : [
              "customer"
            ],
            "meansAgreementType" : "WB_MEANS_MTOKEN",
            "status" : "active",
            "ciName" : "test-client",
            "metadata" : {
              "timestamp" : "2016-12-24 18:51:30"
            },
            "type" : [
              "Authentication"
            ]
          },
          {
            "identifying" : true,
            "name" : "test-only-means7",
            "enrollmentType" : "explicit",
            "componentName" : "test-component",
            "country" : [
              "nl"
            ],
            "consumer" : [
              "customer"
            ],
            "meansAgreementType" : "WB_MEANS_MTOKEN",
            "status" : "active",
            "ciName" : "test-client",
            "metadata" : {
              "timestamp" : "2016-12-24 18:51:30"
            },
            "type" : [
              "Authentication"
            ]
          },
          {
            "identifying" : true,
            "name" : "means-invalid-agreement-product-type",
            "enrollmentType" : "explicit",
            "componentName" : "test-mobile-component",
            "country" : [
              "nl"
            ],
            "consumer" : [
              "customer"
            ],
            "meansAgreementType" : "TST_MEANS_AGREEMENT11",
            "status" : "active",
            "ciName" : "test-client",
            "metadata" : {
              "timestamp" : "2016-12-24 18:51:30"
            },
            "type" : [
              "Authentication"
            ]
          },
          {
            "identifying" : true,
            "name" : "means-suspended-product-type",
            "enrollmentType" : "explicit",
            "componentName" : "test-mobile-component",
            "country" : [
              "nl"
            ],
            "consumer" : [
              "customer"
            ],
            "meansAgreementType" : "WB_MEANS_MTOKEN_SUS",
            "status" : "active",
            "ciName" : "test-client",
            "metadata" : {
              "timestamp" : "2016-12-24 18:51:30"
            },
            "type" : [
              "Authentication"
            ]
          },
          {
            "identifying" : true,
            "name" : "no-ciname-means",
            "enrollmentType" : "explicit",
            "componentName" : "test-component",
            "country" : [
              "nl"
            ],
            "consumer" : [
              "customer"
            ],
            "meansAgreementType" : "UUID",
            "status" : "active",
            "ciName" : "no-ciname",
            "metadata" : {
              "timestamp" : "2016-12-24 18:51:30"
            },
            "type" : [
              "Authentication"
            ]
          },
          {
            "identifying" : true,
            "name" : "employee-means",
            "enrollmentType" : "explicit",
            "componentName" : "test-component",
            "country" : [
              "nl"
            ],
            "consumer" : [
              "employee"
            ],
            "meansAgreementType" : "UUID",
            "status" : "active",
            "ciName" : "test-client",
            "metadata" : {
              "timestamp" : "2016-12-24 18:51:30"
            },
            "type" : [
              "Authentication"
            ]
          },
          {
            "identifying" : true,
            "name" : "xw-MobileToken",
            "enrollmentType" : "explicit",
            "componentName" : "test-mobile-component",
            "country" : [
              "nl"
            ],
            "consumer" : [
              "customer"
            ],
            "meansAgreementType" : "UUID",
            "status" : "active",
            "ciName" : "test-client",
            "metadata" : {
              "timestamp" : "2016-12-24 18:51:30"
            },
            "type" : [
              "Authentication"
            ]
          },
          {
            "identifying" : true,
            "name" : "nl-legacy-mobile-pin",
            "enrollmentType" : "explicit",
            "componentName" : "test-mobile-component",
            "country" : [
              "nl"
            ],
            "consumer" : [
              "customer"
            ],
            "meansAgreementType" : "WB_MEANS_MTOKEN",
            "status" : "active",
            "ciName" : "test-mobile-client",
            "metadata" : {
              "timestamp" : "2016-12-24 18:51:30"
            },
            "type" : [
              "Authentication"
            ]
          },
          {
            "identifying" : true,
            "name" : "SecureRemotePassword-mpin",
            "enrollmentType" : "explicit",
            "componentName" : "test-mobile-component",
            "country" : [
              "nl"
            ],
            "consumer" : [
              "customer"
            ],
            "meansAgreementType" : "WB_MEANS_MTOKEN",
            "status" : "active",
            "ciName" : "test-client",
            "metadata" : {
              "timestamp" : "2016-12-24 18:51:30"
            },
            "type" : [
              "Authentication"
            ]
          },
          {
            "identifying" : true,
            "name" : "nl-unconnected-card-reader",
            "enrollmentType" : "explicit",
            "componentName" : "test-mobile-component",
            "country" : [
              "nl"
            ],
            "consumer" : [
              "customer"
            ],
            "meansAgreementType" : "TST_MEANS_AGREEMENT11",
            "status" : "active",
            "ciName" : "test-client",
            "metadata" : {
              "timestamp" : "2016-12-24 18:51:30"
            },
            "type" : [
              "Authentication"
            ]
          },
          {
            "identifying" : true,
            "name" : "nl-mobile-token",
            "enrollmentType" : "explicit",
            "componentName" : "test-mobile-component",
            "country" : [
              "nl"
            ],
            "consumer" : [
              "customer"
            ],
            "meansAgreementType" : "TST_MEANS_AGREEMENT_ID",
            "status" : "active",
            "ciName" : "test-client",
            "metadata" : {
              "timestamp" : "2016-12-24 18:51:30"
            },
            "type" : [
              "Authentication"
            ]
          },
          {
            "identifying" : true,
            "name" : "nl-mobile-token-otp",
            "enrollmentType" : "explicit",
            "componentName" : "test-mobile-component",
            "country" : [
              "nl"
            ],
            "consumer" : [
              "employee"
            ],
            "meansAgreementType" : "TST_MEANS_AGREEMENT_ID",
            "status" : "active",
            "ciName" : "test-client",
            "metadata" : {
              "timestamp" : "2016-12-24 18:51:30"
            },
            "type" : [
              "Authentication"
            ]
          }
        ]
      }
    },
    {
      "request" : {
        "method" : "GET",
        "path" : "/security/means/authentication",
        "query" : "status=active"
      },
      "description" : "Get operational means",
      "response" : {
        "status" : 200,
        "body" : [
          {
            "identifying" : true,
            "name" : "nl-username-passwords",
            "enrollmentType" : "explicit",
            "componentName" : "ing-orange-nl-username-password-authentication",
            "country" : [
              "nl"
            ],
            "consumer" : [
              "customer"
            ],
            "meansAgreementType" : "NL-USERNAME-PASSWORD",
            "status" : "active",
            "ciName" : "gLogCredMgtAPI",
            "metadata" : {
              "timestamp" : "2016-12-24 18:51:30"
            },
            "type" : [
              "Authentication"
            ]
          },
          {
            "identifying" : true,
            "name" : "nl-mtoken",
            "enrollmentType" : "explicit",
            "componentName" : "test-component",
            "country" : [
              "nl"
            ],
            "consumer" : [
              "customer"
            ],
            "meansAgreementType" : "UUID",
            "status" : "inactive",
            "ciName" : "test-client",
            "metadata" : {
              
            },
            "type" : [
              "Authentication"
            ]
          },
          {
            "identifying" : true,
            "name" : "means-without-policy",
            "enrollmentType" : "explicit",
            "componentName" : "test-component",
            "country" : [
              "nl"
            ],
            "consumer" : [
              "customer"
            ],
            "meansAgreementType" : "",
            "status" : "active",
            "ciName" : "test-client",
            "metadata" : {
              
            },
            "type" : [
              "Authentication"
            ]
          },
          {
            "identifying" : true,
            "name" : "app-certificate",
            "enrollmentType" : "explicit",
            "componentName" : "test-component",
            "country" : [],
            "consumer" : [
              "application"
            ],
            "meansAgreementType" : "",
            "status" : "active",
            "ciName" : "AppCertificateMeansAPI",
            "metadata" : {
              
            },
            "type" : [
              "Authentication"
            ]
          },
          {
            "identifying" : true,
            "name" : "nl-pac",
            "enrollmentType" : "explicit",
            "componentName" : "test-component",
            "country" : [
              "nl"
            ],
            "consumer" : [
              "customer"
            ],
            "meansAgreementType" : "WB_MEANS_MTOKEN",
            "status" : "active",
            "ciName" : "test-client",
            "category" : "generic",
            "metadata" : {
              
            },
            "type" : [
              "Authentication"
            ]
          },
          {
            "identifying" : true,
            "name" : "test-only-means",
            "enrollmentType" : "explicit",
            "componentName" : "test-component",
            "country" : [
              "nl"
            ],
            "consumer" : [
              "customer"
            ],
            "meansAgreementType" : "WB_MEANS_MTOKEN",
            "status" : "active",
            "ciName" : "test-client",
            "metadata" : {
              "timestamp" : "2016-12-24 18:51:30"
            },
            "type" : [
              "Authentication"
            ]
          },
          {
            "identifying" : true,
            "name" : "test-only-means1",
            "enrollmentType" : "explicit",
            "componentName" : "test-component",
            "country" : [
              "nl"
            ],
            "consumer" : [
              "customer"
            ],
            "meansAgreementType" : "TST_MEANS_AGREEMENT",
            "status" : "active",
            "ciName" : "test-client",
            "metadata" : {
              "timestamp" : "2016-12-24 18:51:30"
            },
            "type" : [
              "Authentication"
            ]
          },
          {
            "identifying" : true,
            "name" : "test-only-means2",
            "enrollmentType" : "explicit",
            "componentName" : "test-component",
            "country" : [
              "nl"
            ],
            "consumer" : [
              "customer"
            ],
            "meansAgreementType" : "TST_MEANS_AGREEMENT",
            "status" : "active",
            "ciName" : "test-client",
            "metadata" : {
              "timestamp" : "2016-12-24 18:51:30"
            },
            "type" : [
              "Authentication"
            ]
          },
          {
            "identifying" : true,
            "name" : "test-only-means3",
            "enrollmentType" : "explicit",
            "componentName" : "test-component",
            "country" : [
              "nl"
            ],
            "consumer" : [
              "customer"
            ],
            "meansAgreementType" : "TST_MEANS_AGREEMENT",
            "status" : "active",
            "ciName" : "test-client",
            "metadata" : {
              "timestamp" : "2016-12-24 18:51:30"
            },
            "type" : [
              "Authentication"
            ]
          },
          {
            "identifying" : true,
            "name" : "test-only-means4",
            "enrollmentType" : "explicit",
            "componentName" : "test-component",
            "country" : [
              "nl"
            ],
            "consumer" : [
              "customer"
            ],
            "meansAgreementType" : "TST_MEANS_AGREEMENT",
            "status" : "active",
            "ciName" : "test-client",
            "metadata" : {
              "timestamp" : "2016-12-24 18:51:30"
            },
            "type" : [
              "Authentication"
            ]
          },
          {
            "identifying" : true,
            "name" : "no-ciname-means",
            "enrollmentType" : "explicit",
            "componentName" : "test-component",
            "country" : [
              "nl"
            ],
            "consumer" : [
              "customer"
            ],
            "meansAgreementType" : "UUID",
            "status" : "active",
            "ciName" : "no-ciname",
            "metadata" : {
              "timestamp" : "2016-12-24 18:51:30"
            },
            "type" : [
              "Authentication"
            ]
          },
          {
            "identifying" : true,
            "name" : "employee-means",
            "enrollmentType" : "explicit",
            "componentName" : "test-component",
            "country" : [
              "nl"
            ],
            "consumer" : [
              "employee"
            ],
            "meansAgreementType" : "UUID",
            "status" : "active",
            "ciName" : "test-client",
            "metadata" : {
              "timestamp" : "2016-12-24 18:51:30"
            },
            "type" : [
              "Authentication"
            ]
          },
          {
            "identifying" : false,
            "name" : "xw-MobileToken",
            "enrollmentType" : "explicit",
            "componentName" : "test-mobile-component",
            "country" : [
              "nl"
            ],
            "consumer" : [
              "customer"
            ],
            "meansAgreementType" : "WB_MEANS_MTOKEN_ID",
            "status" : "active",
            "ciName" : "test-mobile-client",
            "metadata" : {
              "timestamp" : "2016-12-24 18:51:30"
            },
            "type" : [
              "Authentication"
            ]
          },
          {
            "identifying" : true,
            "name" : "nl-legacy-mobile-pin",
            "enrollmentType" : "explicit",
            "componentName" : "test-mobile-component",
            "country" : [
              "nl"
            ],
            "consumer" : [
              "customer"
            ],
            "meansAgreementType" : "WB_MEANS_MTOKEN",
            "status" : "active",
            "ciName" : "test-mobile-client",
            "metadata" : {
              "timestamp" : "2016-12-24 18:51:30"
            },
            "type" : [
              "Authentication"
            ]
          },
          {
            "identifying" : true,
            "name" : "SecureRemotePassword-mpin",
            "enrollmentType" : "explicit",
            "componentName" : "test-mobile-component",
            "country" : [
              "nl"
            ],
            "consumer" : [
              "customer"
            ],
            "meansAgreementType" : "TST_MEANS_AGREEMENT",
            "status" : "active",
            "ciName" : "test-client",
            "metadata" : {
              "timestamp" : "2016-12-24 18:51:30"
            },
            "type" : [
              "Authentication"
            ]
          },
          {
            "identifying" : true,
            "name" : "nl-unconnected-card-reader",
            "enrollmentType" : "explicit",
            "componentName" : "test-mobile-component",
            "country" : [
              "nl"
            ],
            "consumer" : [
              "customer"
            ],
            "meansAgreementType" : "TST_MEANS_AGREEMENT11",
            "status" : "active",
            "ciName" : "test-client",
            "metadata" : {
              "timestamp" : "2016-12-24 18:51:30"
            },
            "type" : [
              "Authentication"
            ]
          },
          {
            "identifying" : true,
            "name" : "nl-mobile-token",
            "enrollmentType" : "explicit",
            "componentName" : "test-mobile-component",
            "country" : [
              "nl"
            ],
            "consumer" : [
              "customer"
            ],
            "meansAgreementType" : "TST_MEANS_AGREEMENT_ID",
            "status" : "active",
            "ciName" : "test-client",
            "metadata" : {
              "timestamp" : "2016-12-24 18:51:30"
            },
            "type" : [
              "Authentication"
            ]
          }
        ]
      }
    }
  ]
}