{
  "provider" : {
    "name" : "MeansAPI Not Pact"
  },
  "consumer" : {
    "name" : "AuthenticationOrchestrationAPI"
  },
  "interactions" : [
    {
      "request" : {
        "method" : "POST",
        "body" : {
          "type" : "WB_MEANS_MTOKEN_XX",
          "value" : "2s27adyd88uua6sxsds807"
        },
        "path" : "/agreements/means/lookup",
        "headers" : {
          "Content-Type" : "application/json;charset=utf-8"
        }
      },
      "description" : "return 500 error",
      "response" : {
        "status" : 500,
        "body" : {
          "error" : {
            "code" : 2,
            "message" : "Received response from MDM for request: searchContract, with message: No record is found.",
            "innerError" : "Received response from MDM for request: searchContract, with message: No record is found."
          }
        }
      },
      "providerState" : "identity service holds the agreement"
    },
    {
      "request" : {
        "method" : "POST",
        "body" : {
          "type" : "WB_MEANS_MTOKEN_ID",
          "value" : "2s27adyd88uua6sxsds807fd4-badresponse"
        },
        "path" : "/agreements/means/lookup",
        "headers" : {
          "Content-Type" : "application/json;charset=utf-8"
        }
      },
      "description" : "BadResponse",
      "response" : {
        "status" : 200,
        "body" : "\n                   {\n                         \"dataSource\": \"WB_PPAM\",\n                         \"type\": \"WB_MEANS_MTOKEN\",\n                         \"lifeCycleStatusType\": \"EFF_AR\",\n                         \"identifiers\": [\n                            {\n                                 \"type\": \"WB_MEANS_MTOKEN_ID\",\n                                 \"value\": \"2s27adyd88uua6sxsds807fd4\"\n                             },\n                             {\n                                 \"type\": \"UUID\",\n                                 \"value\": \"c0bef2cc-2075-4fb0-ba07-11683a968ea5\"\n                             }\n                         ]\n                       }\n                   }\n                "
      },
      "providerState" : "identity service holds the agreement"
    }
  ]
}