{
  "provider" : {
    "name" : "MeansAgreementAPI"
  },
  "consumer" : {
    "name" : "AuthenticationOrchestrationAPI"
  },
  "interactions" : [
    {
      "request" : {
        "method" : "GET",
        "path" : "/agreements/means",
        "query" : "accessProfileId=b3d75908-a5e8-4aee-ac65-006952fce6db&involvedPartyId=b3d75908-a5e8-4aee-ac65-006952fce6db"
      },
      "description" : "fetch all means agreements by accessProfileId=b3d75908-a5e8-4aee-ac65-006952fce6db and partyId=b3d75908-a5e8-4aee-ac65-006952fce6db",
      "response" : {
        "status" : 200,
        "body" : {
          "meansAgreements" : {
            "data" : [
              {
                "lifeCycleStatusType" : "EFF_AR",
                "dataSource" : "WB_PPAM",
                "identifiers" : [
                  {
                    "type" : "WB_MEANS_MTOKEN_ID",
                    "value" : "insidebusiness:089423C5-9C07-47A6-BA66-CB14FF1D4748"
                  },
                  {
                    "type" : "UUID",
                    "value" : "b3d75908-a5e8-4aee-ac65-006952fce6db"
                  }
                ],
                "involvedPartyRelationshipRoles" : {
                  "data" : [
                    {
                      "involvedPartyUUID" : "b3d75908-a5e8-4aee-ac65-006952fce6db",
                      "type" : "USR",
                      "startDate" : "2017-05-13T15:14:44"
                    }
                  ]
                },
                "type" : "WB_MEANS_MTOKEN"
              }
            ]
          }
        }
      },
      "providerState" : "identity service holds the means agreements"
    },
    {
      "request" : {
        "method" : "GET",
        "path" : "/agreements/means",
        "query" : "accessProfileId=00000000-0000-0004-0000-000000000004&involvedPartyId=00000000-0000-0004-0000-000000000004"
      },
      "description" : "fetch all means agreements by accessProfileId=00000000-0000-0004-0000-000000000004 and partyId=00000000-0000-0004-0000-000000000004",
      "response" : {
        "status" : 200,
        "body" : {
          "meansAgreements" : {
            "data" : [
              {
                "lifeCycleStatusType" : "EFF_AR",
                "dataSource" : "WB_PPAM",
                "identifiers" : [
                  {
                    "type" : "WB_MEANS_MTOKEN_ID",
                    "value" : "insidebusiness:089423C5-9C07-47A6-BA66-CB14FF1D4748"
                  },
                  {
                    "type" : "UUID",
                    "value" : "00000000-0000-0004-0000-000000000004"
                  }
                ],
                "involvedPartyRelationshipRoles" : {
                  "data" : [
                    {
                      "involvedPartyUUID" : "00000000-0000-0004-0000-000000000004",
                      "type" : "USR",
                      "startDate" : "2017-05-13T15:14:44"
                    }
                  ]
                },
                "type" : "WB_MEANS_MTOKEN"
              }
            ]
          }
        }
      },
      "providerState" : "identity service holds the means agreements"
    },
    {
      "request" : {
        "method" : "GET",
        "path" : "/agreements/means",
        "query" : "accessProfileId=00000000-0000-0005-0000-000000000005&involvedPartyId=00000000-0000-0005-0000-000000000005"
      },
      "description" : "fetch all means agreements by accessProfileId=00000000-0000-0005-0000-000000000005 and partyId=00000000-0000-0005-0000-000000000005",
      "response" : {
        "status" : 200,
        "body" : {
          "meansAgreements" : {
            "data" : [
              {
                "lifeCycleStatusType" : "EFF_AR",
                "dataSource" : "WB_PPAM",
                "identifiers" : [
                  {
                    "type" : "WB_MEANS_MTOKEN_ID",
                    "value" : "insidebusiness:089423C5-9C07-47A6-BA66-CB14FF1D4748"
                  },
                  {
                    "type" : "UUID",
                    "value" : "00000000-0000-0005-0000-000000000005"
                  }
                ],
                "involvedPartyRelationshipRoles" : {
                  "data" : [
                    {
                      "involvedPartyUUID" : "00000000-0000-0005-0000-000000000005",
                      "type" : "USR",
                      "startDate" : "2017-05-13T15:14:44"
                    }
                  ]
                },
                "type" : "WB_MEANS_MTOKEN"
              }
            ]
          }
        }
      },
      "providerState" : "identity service holds the means agreements"
    },
    {
      "request" : {
        "method" : "GET",
        "path" : "/agreements/means",
        "query" : "accessProfileId=00000000-0000-0005-0000-000000000006&involvedPartyId=00000000-0000-0005-0000-000000000006"
      },
      "description" : "fetch all means agreements by accessProfileId=00000000-0000-0005-0000-000000000006 and partyId=00000000-0000-0005-0000-000000000006",
      "response" : {
        "status" : 200,
        "body" : {
          "meansAgreements" : {
            "data" : [
              {
                "lifeCycleStatusType" : "EFF_AR",
                "dataSource" : "WB_PPAM",
                "identifiers" : [
                  {
                    "type" : "WB_MEANS_MTOKEN_ID",
                    "value" : "insidebusiness:089423C5-9C07-47A6-BA66-CB14FF1D4748"
                  },
                  {
                    "type" : "UUID",
                    "value" : "00000000-0000-0005-0000-000000000006"
                  }
                ],
                "involvedPartyRelationshipRoles" : {
                  "data" : [
                    {
                      "involvedPartyUUID" : "00000000-0000-0005-0000-000000000006",
                      "type" : "USR",
                      "startDate" : "2017-05-13T15:14:44"
                    }
                  ]
                },
                "type" : "WB_MEANS_MTOKEN"
              }
            ]
          }
        }
      },
      "providerState" : "identity service holds the means agreements"
    },
    {
      "request" : {
        "method" : "GET",
        "path" : "/agreements/means",
        "query" : "accessProfileId=b3d75908-a5e8-4aee-ac65-006952fce6db&involvedPartyId=b3d75908-a5e8-4aee-ac65-006952fce6db"
      },
      "description" : "fetch all means agreements by accessProfileId=b3d75908-a5e8-4aee-ac65-006952fce6db and partyId=b3d75908-a5e8-4aee-ac65-006952fce6db",
      "response" : {
        "status" : 200,
        "body" : {
          "meansAgreements" : {
            "data" : [
              {
                "lifeCycleStatusType" : "EFF_AR",
                "dataSource" : "WB_PPAM",
                "identifiers" : [
                  {
                    "type" : "WB_MEANS_MTOKEN_ID",
                    "value" : "insidebusiness:089423C5-9C07-47A6-BA66-CB14FF1D4748"
                  },
                  {
                    "type" : "UUID",
                    "value" : "b3d75908-a5e8-4aee-ac65-006952fce6db"
                  }
                ],
                "involvedPartyRelationshipRoles" : {
                  "data" : [
                    {
                      "involvedPartyUUID" : "b3d75908-a5e8-4aee-ac65-006952fce6db",
                      "type" : "USR",
                      "startDate" : "2017-05-13T15:14:44"
                    }
                  ]
                },
                "type" : "WB_MEANS_MTOKEN"
              }
            ]
          }
        }
      },
      "providerState" : "identity service holds the means agreements"
    },
    {
      "request" : {
        "method" : "GET",
        "path" : "/agreements/means",
        "query" : "accessProfileId=00000000-0000-0000-0000-000000000029&involvedPartyId=00000000-0000-0000-0000-000000000029"
      },
      "description" : "fetch all means agreements by accessProfileId=00000000-0000-0000-0000-000000000029 and partyId=00000000-0000-0000-0000-000000000029",
      "response" : {
        "status" : 200,
        "body" : {
          "meansAgreements" : {
            "data" : [
              {
                "lifeCycleStatusType" : "EFF_AR",
                "dataSource" : "WB_PPAM",
                "identifiers" : [
                  {
                    "type" : "WB_MEANS_MTOKEN_ID",
                    "value" : "insidebusiness:089423C5-9C07-47A6-BA66-CB14FF1D4748"
                  },
                  {
                    "type" : "UUID",
                    "value" : "00000000-0000-0000-0000-000000000029"
                  }
                ],
                "involvedPartyRelationshipRoles" : {
                  "data" : [
                    {
                      "involvedPartyUUID" : "00000000-0000-0000-0000-000000000029",
                      "type" : "USR",
                      "startDate" : "2017-05-13T15:14:44"
                    }
                  ]
                },
                "type" : "WB_MEANS_MTOKEN"
              }
            ]
          }
        }
      },
      "providerState" : "identity service holds the means agreements"
    },
    {
      "request" : {
        "method" : "GET",
        "path" : "/agreements/means",
        "query" : "accessProfileId=00000000-0000-0006-0000-000000000006&involvedPartyId=00000000-0000-0006-0000-000000000006"
      },
      "description" : "fetch all means agreements by accessProfileId=00000000-0000-0006-0000-000000000006 and partyId=00000000-0000-0006-0000-000000000006",
      "response" : {
        "status" : 200,
        "body" : {
          "meansAgreements" : {
            "data" : [
              {
                "lifeCycleStatusType" : "EFF_AR",
                "dataSource" : "WB_PPAM",
                "identifiers" : [
                  {
                    "type" : "WB_MEANS_MTOKEN_ID",
                    "value" : "insidebusiness:089423C5-9C07-47A6-BA66-CB14FF1D4748"
                  },
                  {
                    "type" : "UUID",
                    "value" : "00000000-0000-0006-0000-000000000006"
                  }
                ],
                "involvedPartyRelationshipRoles" : {
                  "data" : [
                    {
                      "involvedPartyUUID" : "00000000-0000-0006-0000-000000000006",
                      "type" : "USR",
                      "startDate" : "2017-05-13T15:14:44"
                    }
                  ]
                },
                "type" : "WB_MEANS_MTOKEN"
              }
            ]
          }
        }
      },
      "providerState" : "identity service holds the means agreements"
    },
    {
      "request" : {
        "method" : "GET",
        "path" : "/agreements/means",
        "query" : "involvedPartyId=ab71bd"
      },
      "description" : "fetch all means agreements by involved party UUID (CorpKey)",
      "response" : {
        "status" : 200,
        "body" : {
          "meansAgreements" : {
            "data" : [
              {
                "lifeCycleStatusType" : "EFF_AR",
                "dataSource" : "WB_PPAM",
                "identifiers" : [
                  {
                    "type" : "WB_MEANS_MTOKEN_ID",
                    "value" : "insidebusiness:089423C5-9C07-47A6-BA66-CB14FF1D4748"
                  },
                  {
                    "type" : "UUID",
                    "value" : "b3d75908-a5e8-4aee-ac65-006952fce6db"
                  }
                ],
                "involvedPartyRelationshipRoles" : {
                  "data" : [
                    {
                      "involvedPartyUUID" : "ab71bd",
                      "type" : "USR",
                      "startDate" : "2017-05-13T15:14:44"
                    }
                  ]
                },
                "type" : "WB_MEANS_MTOKEN"
              }
            ]
          }
        }
      },
      "providerState" : "identity service holds the means agreements"
    },
    {
      "request" : {
        "method" : "GET",
        "path" : "/agreements/means",
        "query" : "accessProfileId=ab71bd"
      },
      "description" : "fetch all means agreements by involved party UUID (CorpKey)",
      "response" : {
        "status" : 200,
        "body" : {
          "meansAgreements" : {
            "data" : [
              {
                "lifeCycleStatusType" : "EFF_AR",
                "dataSource" : "WB_PPAM",
                "identifiers" : [
                  {
                    "type" : "WB_MEANS_MTOKEN_ID",
                    "value" : "insidebusiness:089423C5-9C07-47A6-BA66-CB14FF1D4748"
                  },
                  {
                    "type" : "UUID",
                    "value" : "b3d75908-a5e8-4aee-ac65-006952fce6db"
                  }
                ],
                "involvedPartyRelationshipRoles" : {
                  "data" : [
                    {
                      "involvedPartyUUID" : "ab71bd",
                      "type" : "USR",
                      "startDate" : "2017-05-13T15:14:44"
                    }
                  ]
                },
                "type" : "WB_MEANS_MTOKEN"
              }
            ]
          }
        }
      },
      "providerState" : "identity service holds the means agreements"
    }
  ]
}