{
  "provider" : {
    "name" : "Authentication Policy API"
  },
  "consumer" : {
    "name" : "Authentication Orchestration API"
  },
  "interactions" : [
    {
      "request" : {
        "method" : "GET",
        "path" : "/security/policies",
        "query" : "loa=3"
      },
      "description" : "Get a policy for a client",
      "response" : {
        "status" : 200,
        "body" : {
          "currentLoa" : 3,
          "possibleSteps" : [
            {
              "step" : {
                "loa" : 3,
                "meansId" : "nl-pac"
              },
              "policy" : {
                "loa" : 3,
                "meansIds" : [
                  "nl-pac",
                  "test-only-means"
                ]
              }
            },
            {
              "step" : {
                "loa" : 7,
                "meansId" : "fingerprint"
              },
              "policy" : {
                "loa" : 7,
                "meansIds" : [
                  "nl-username-passwords",
                  "nl-pac",
                  "fingerprint"
                ]
              }
            },
            {
              "step" : {
                "loa" : 2,
                "meansId" : "test-only-means"
              },
              "policy" : {
                "loa" : 4,
                "meansIds" : [
                  "test-only-means",
                  "nl-pac"
                ]
              }
            },
            {
              "step" : {
                "loa" : 2,
                "meansId" : "employee-means"
              },
              "policy" : {
                "loa" : 4,
                "meansIds" : [
                  "employee-means",
                  "nl-pac"
                ]
              }
            },
            {
              "step" : {
                "loa" : 2,
                "meansId" : "test-only-means"
              },
              "policy" : {
                "loa" : 3,
                "meansIds" : [
                  "test-only-means",
                  "nl-unconnected-card-reader"
                ]
              }
            }
          ]
        }
      },
      "providerState" : "The policy service has a policy for the client"
    },
    {
      "request" : {
        "method" : "GET",
        "path" : "/security/policies",
        "query" : "loa=2"
      },
      "description" : "Get a policy for a client",
      "response" : {
        "status" : 200,
        "body" : {
          "currentLoa" : 2,
          "possibleSteps" : [
            {
              "step" : {
                "loa" : 2,
                "meansId" : "nl-username-passwords"
              },
              "policy" : {
                "loa" : 4,
                "meansIds" : [
                  "nl-username-passwords",
                  "nl-pac",
                  "test-only-means"
                ]
              }
            },
            {
              "step" : {
                "loa" : 7,
                "meansId" : "fingerprint"
              },
              "policy" : {
                "loa" : 7,
                "meansIds" : [
                  "nl-username-passwords",
                  "nl-pac",
                  "fingerprint"
                ]
              }
            },
            {
              "step" : {
                "loa" : 2,
                "meansId" : "test-only-means"
              },
              "policy" : {
                "loa" : 4,
                "meansIds" : [
                  "test-only-means",
                  "nl-pac"
                ]
              }
            },
            {
              "step" : {
                "loa" : 2,
                "meansId" : "xw-MobileToken"
              },
              "policy" : {
                "loa" : 4,
                "meansIds" : [
                  "xw-MobileToken",
                  "nl-pac"
                ]
              }
            },
            {
              "step" : {
                "loa" : 2,
                "meansId" : "employee-means"
              },
              "policy" : {
                "loa" : 4,
                "meansIds" : [
                  "employee-means",
                  "nl-pac"
                ]
              }
            }
          ]
        }
      },
      "providerState" : "The policy service has a policy for the client"
    },
    {
      "request" : {
        "method" : "GET",
        "path" : "/security/policies",
        "query" : "loa=6"
      },
      "description" : "Get a bad malformed JSON from Policy API",
      "response" : {
        "status" : 200,
        "body" : "\n                {\n                   \"currentLoa\": 0\n                   \"possibleSteps\": [\n                     {\n                       \"step\": {\n                         \"loa\": 3,\n                         \"meansId\": \"nl-username-passwords\"\n                       },\n                       \"policy\": {\n                         \"loa\": 4,\n                         \"meansIds\": [\n                           \"nl-username-passwords\",\n                           \"nl-pac\"\n                         ]\n                       }\n                     }\n                     //this's not a valid json\n                     {\n                       \"step\": {\n                         \"loa\": 7,\n                         \"meansId\": \"fingerpint\"\n                       },\n                       \"policy\": {\n                         \"loa\": 7,\n                         \"meansIds\": [\n                           \"nl-username-passwords\",\n                           \"nl-pac\",\n                           \"fingerprint\"\n                         ]\n                       }\n                     }\n                   ]\n                }\n              "
      },
      "providerState" : "The policy service has a policy for the client"
    },
    {
      "request" : {
        "method" : "GET",
        "path" : "/security/policies",
        "query" : "loa=4"
      },
      "description" : "Get a policy for a client",
      "response" : {
        "status" : 200,
        "body" : {
          "currentLoa" : 0,
          "possibleSteps" : [
            {
              "step" : {
                "loa" : 5,
                "meansId" : "test-only-means"
              },
              "policy" : {
                "loa" : 5,
                "meansIds" : [
                  "nl-username-passwords",
                  "nl-pac"
                ]
              }
            },
            {
              "step" : {
                "loa" : 4,
                "meansId" : "employee-means"
              },
              "policy" : {
                "loa" : 4,
                "meansIds" : [
                  "SecureRemotePassword-fingerprint"
                ]
              }
            }
          ]
        }
      },
      "providerState" : "given the loa = 4"
    },
    {
      "request" : {
        "method" : "GET",
        "path" : "/security/policies",
        "query" : "loa=5"
      },
      "description" : "Get a policy for a client",
      "response" : {
        "status" : 200,
        "body" : {
          "currentLoa" : 2,
          "possibleSteps" : [
            {
              "step" : {
                "loa" : 5,
                "meansId" : "nl-pac"
              },
              "policy" : {
                "loa" : 5,
                "meansIds" : [
                  "nl-username-passwords",
                  "nl-pac"
                ]
              }
            },
            {
              "step" : {
                "loa" : 3,
                "meansId" : "test-only-means2"
              },
              "policy" : {
                "loa" : 5,
                "meansIds" : [
                  "nl-username-passwords",
                  "test-only-means2",
                  "nl-mtoken"
                ]
              }
            },
            {
              "step" : {
                "loa" : 3,
                "meansId" : "test-only-means3"
              },
              "policy" : {
                "loa" : 5,
                "meansIds" : [
                  "nl-username-passwords",
                  "test-only-means3",
                  "nl-mobile-token"
                ]
              }
            },
            {
              "step" : {
                "loa" : 3,
                "meansId" : "test-only-means4"
              },
              "policy" : {
                "loa" : 5,
                "meansIds" : [
                  "nl-username-passwords",
                  "test-only-means4",
                  "nl-mobile-token-otp"
                ]
              }
            },
            {
              "step" : {
                "loa" : 3,
                "meansId" : "test-only-means5"
              },
              "policy" : {
                "loa" : 5,
                "meansIds" : [
                  "nl-username-passwords",
                  "test-only-means5",
                  "nl-mobile-token"
                ]
              }
            },
            {
              "step" : {
                "loa" : 3,
                "meansId" : "test-only-means1"
              },
              "policy" : {
                "loa" : 5,
                "meansIds" : [
                  "nl-username-passwords",
                  "test-only-means1",
                  "nl-unconnected-card-reader"
                ]
              }
            },
            {
              "step" : {
                "loa" : 3,
                "meansId" : "test-only-means"
              },
              "policy" : {
                "loa" : 6,
                "meansIds" : [
                  "nl-username-passwords",
                  "test-only-means",
                  "nl-pac"
                ]
              }
            },
            {
              "step" : {
                "loa" : 3,
                "meansId" : "test-only-means"
              },
              "policy" : {
                "loa" : 7,
                "meansIds" : [
                  "nl-username-passwords",
                  "test-only-means",
                  "nl-legacy-mobile-pin"
                ]
              }
            },
            {
              "step" : {
                "loa" : 5,
                "meansId" : "SecureRemotePassword-fingerprint"
              },
              "policy" : {
                "loa" : 5,
                "meansIds" : [
                  "SecureRemotePassword-fingerprint"
                ]
              }
            },
            {
              "step" : {
                "loa" : 5,
                "meansId" : "SecureRemotePassword-mpin"
              },
              "policy" : {
                "loa" : 5,
                "meansIds" : [
                  "SecureRemotePassword-mpin"
                ]
              }
            },
            {
              "step" : {
                "loa" : 5,
                "meansId" : "be-unconnected-card-reader"
              },
              "policy" : {
                "loa" : 5,
                "meansIds" : [
                  "be-unconnected-card-reader"
                ]
              }
            },
            {
              "step" : {
                "loa" : 3,
                "meansId" : "nl-username-passwords1"
              },
              "policy" : {
                "loa" : 5,
                "meansIds" : [
                  "nl-username-passwords1",
                  "test-only-means6"
                ]
              }
            },
            {
              "step" : {
                "loa" : 3,
                "meansId" : "nl-username-passwords2"
              },
              "policy" : {
                "loa" : 5,
                "meansIds" : [
                  "nl-username-passwords2",
                  "means-invalid-agreement-product-type"
                ]
              }
            },
            {
              "step" : {
                "loa" : 3,
                "meansId" : "nl-username-passwords3"
              },
              "policy" : {
                "loa" : 5,
                "meansIds" : [
                  "nl-username-passwords3",
                  "nl-mobile-token-otp"
                ]
              }
            },
            {
              "step" : {
                "loa" : 3,
                "meansId" : "nl-username-passwords4"
              },
              "policy" : {
                "loa" : 5,
                "meansIds" : [
                  "nl-username-passwords4"
                ]
              }
            },
            {
              "step" : {
                "loa" : 3,
                "meansId" : "test-only-means7"
              },
              "policy" : {
                "loa" : 5,
                "meansIds" : [
                  "test-only-means7",
                  "means-suspended-product-type"
                ]
              }
            }
          ]
        }
      },
      "providerState" : "given the loa = 5"
    }
  ]
}