{
  "provider" : {
    "name" : "MeansAPI"
  },
  "consumer" : {
    "name" : "AuthenticationOrchestrationAPI"
  },
  "interactions" : [
    {
      "request" : {
        "method" : "POST",
        "body" : {
          "type" : "WB_MEANS_MTOKEN_ID",
          "value" : "222778882111123"
        },
        "path" : "/agreements/means/lookup",
        "headers" : {
          "Content-Type" : "application/json;charset=utf-8"
        }
      },
      "description" : "fetch agreement by local agreement key",
      "response" : {
        "status" : 200,
        "body" : {
          "dataSource" : "WB_PPAM",
          "type" : "WB_MEANS_MTOKEN",
          "lifeCycleStatusType" : "EFF_AR",
          "identifiers" : [
            {
              "type" : "WB_MEANS_MTOKEN_ID",
              "value" : "222778882111123"
            },
            {
              "type" : "UUID",
              "value" : "b3d75908-a5e8-4aee-ac65-006952fce6db"
            }
          ]
        }
      },
      "providerState" : "identity service holds the agreement"
    },
    {
      "request" : {
        "method" : "POST",
        "body" : {
          "type" : "WB_MEANS_MTOKEN_ID",
          "value" : "00000000-0000-0000-0000-000000000046"
        },
        "path" : "/agreements/means/lookup",
        "headers" : {
          "Content-Type" : "application/json;charset=utf-8"
        }
      },
      "description" : "fetch agreement by local agreement key",
      "response" : {
        "status" : 200,
        "body" : {
          "dataSource" : "WB_PPAM",
          "type" : "WB_MEANS_MTOKEN",
          "lifeCycleStatusType" : "EFF_AR",
          "identifiers" : [
            {
              "type" : "WB_MEANS_MTOKEN_ID",
              "value" : "222778882111123"
            },
            {
              "type" : "UUID",
              "value" : "b3d75908-a5e8-4aee-ac65-006952fce6db"
            }
          ]
        }
      },
      "providerState" : "identity service holds the agreement"
    },
    {
      "request" : {
        "method" : "POST",
        "body" : {
          "type" : "WB_MEANS_MTOKEN_SUS",
          "value" : "00000000-0000-0000-0000-00000000005a"
        },
        "path" : "/agreements/means/lookup",
        "headers" : {
          "Content-Type" : "application/json;charset=utf-8"
        }
      },
      "description" : "fetch agreement by local agreement key",
      "response" : {
        "status" : 200,
        "body" : {
          "dataSource" : "WB_PPAM",
          "type" : "WB_MEANS_MTOKEN_SUS",
          "lifeCycleStatusType" : "COMPLD_AR",
          "identifiers" : [
            {
              "type" : "WB_MEANS_MTOKEN_ID",
              "value" : "222778882111123"
            },
            {
              "type" : "UUID",
              "value" : "b3d75908-a5e8-4aee-ac65-006952fce6db"
            }
          ]
        }
      },
      "providerState" : "identity service holds the agreement"
    },
    {
      "request" : {
        "method" : "POST",
        "body" : {
          "type" : "WB_MEANS_MTOKEN_ID",
          "value" : "2s27adyd88uua6sxsds807-notfound"
        },
        "path" : "/agreements/means/lookup",
        "headers" : {
          "Content-Type" : "application/json;charset=utf-8"
        }
      },
      "description" : "return 404 if the agreement is not found",
      "response" : {
        "status" : 404,
        "body" : {
          "error" : {
            "code" : 404,
            "message" : "no means are found in lookup",
            "innerError" : "no means are found in lookup"
          }
        }
      },
      "providerState" : "identity service holds the agreement"
    }
  ]
}