{
  "provider" : {
    "name" : "identity client"
  },
  "consumer" : {
    "name" : "identity service"
  },
  "interactions" : [
    {
      "request" : {
        "method" : "POST",
        "body" : {
          "agreementIdentifier" : {
            "agreementIdentifier" : "00000000-0000-0000-0000-000000000046",
            "agreementIdentifierType" : "UUID"
          }
        },
        "path" : "/identities/agreement-identifiers/lookup",
        "headers" : {
          "Content-Type" : "application/json;charset=utf-8"
        }
      },
      "description" : "fetch customer identities by arrangement type and local id",
      "response" : {
        "status" : 200,
        "body" : {
          "individual" : {
            "involvedPartyIdentifier" : "00000000-0000-0004-0000-000000000004"
          },
          "accessProfiles" : [
            {
              "accessProfileIdentifier" : "00000000-0000-0004-0000-000000000004",
              "accessProfileName" : "Family",
              "accessProfileType" : "PRIM"
            },
            {
              "accessProfileIdentifier" : "00000000-0000-0000-0000-000000000029",
              "accessProfileName" : "Family",
              "accessProfileType" : "PRIV"
            }
          ],
          "meansAgreement" : {
            "defaultAccessProfileIdentifier" : "00000000-0000-0004-0000-000000000004"
          }
        }
      },
      "providerState" : "identity service holds the information of the customer"
    },
    {
      "request" : {
        "method" : "POST",
        "body" : {
          "agreementIdentifier" : {
            "agreementIdentifier" : "00000000-0000-0000-0000-000000000050",
            "agreementIdentifierType" : "UUID"
          }
        },
        "path" : "/identities/agreement-identifiers/lookup",
        "headers" : {
          "Content-Type" : "application/json;charset=utf-8"
        }
      },
      "description" : "fetch customer identities by arrangement type and local id",
      "response" : {
        "status" : 200,
        "body" : {
          "individual" : {
            "involvedPartyIdentifier" : "00000000-0000-0005-0000-000000000005"
          },
          "accessProfiles" : [
            {
              "accessProfileIdentifier" : "00000000-0000-0005-0000-000000000005",
              "accessProfileName" : "Family",
              "accessProfileType" : "PRIM"
            },
            {
              "accessProfileIdentifier" : "00000000-0000-0000-0000-000000000029",
              "accessProfileName" : "Family",
              "accessProfileType" : "PRIV"
            }
          ],
          "meansAgreement" : {
            "defaultAccessProfileIdentifier" : "00000000-0000-0004-0000-000000000004"
          }
        }
      },
      "providerState" : "identity service holds the information of the customer"
    },
    {
      "request" : {
        "method" : "POST",
        "body" : {
          "agreementIdentifier" : {
            "agreementIdentifier" : "00000000-0000-0000-0000-000000000046",
            "agreementIdentifierType" : "WB_MEANS_MTOKEN_ID"
          }
        },
        "path" : "/identities/agreement-identifiers/lookup",
        "headers" : {
          "Content-Type" : "application/json;charset=utf-8"
        }
      },
      "description" : "fetch customer identities by arrangement type and local id",
      "response" : {
        "status" : 200,
        "body" : {
          "individual" : {
            "involvedPartyIdentifier" : "00000000-0000-0004-0000-000000000004"
          },
          "accessProfiles" : [
            {
              "accessProfileIdentifier" : "00000000-0000-0004-0000-000000000004",
              "accessProfileName" : "Family",
              "accessProfileType" : "PRIM"
            }
          ],
          "meansAgreement" : {
            "defaultAccessProfileIdentifier" : "00000000-0000-0004-0000-000000000004"
          }
        }
      },
      "providerState" : "identity service holds the information of the customer"
    },
    {
      "request" : {
        "method" : "POST",
        "body" : {
          "agreementIdentifier" : {
            "agreementIdentifier" : "00000000-0000-0000-0000-00000000005a",
            "agreementIdentifierType" : "WB_MEANS_MTOKEN_SUS"
          }
        },
        "path" : "/identities/agreement-identifiers/lookup",
        "headers" : {
          "Content-Type" : "application/json;charset=utf-8"
        }
      },
      "description" : "fetch customer identities by arrangement type and local id",
      "response" : {
        "status" : 200,
        "body" : {
          "individual" : {
            "involvedPartyIdentifier" : "00000000-0000-0006-0000-000000000006"
          },
          "accessProfiles" : [
            {
              "accessProfileIdentifier" : "00000000-0000-0006-0000-000000000006",
              "accessProfileName" : "Family",
              "accessProfileType" : "PRIM"
            }
          ],
          "meansAgreement" : {
            "defaultAccessProfileIdentifier" : "00000000-0000-0006-0000-000000000006"
          }
        }
      },
      "providerState" : "identity service holds the information of the customer"
    },
    {
      "request" : {
        "method" : "POST",
        "body" : {
          "agreementIdentifier" : {
            "agreementIdentifier" : "2s27adyd88uua6sxsds807-notfound",
            "agreementIdentifierType" : "WB_MEANS_MTOKEN_ID"
          }
        },
        "path" : "/identities/agreement-identifiers/lookup",
        "headers" : {
          "Content-Type" : "application/json;charset=utf-8"
        }
      },
      "description" : "fetch customer identities by arrangement type and local id",
      "response" : {
        "status" : 200,
        "body" : {
          "individual" : {
            "involvedPartyIdentifier" : "4eb81c84-5cc1-4514-8f96-16ec7e2e4212"
          },
          "accessProfiles" : [
            {
              "accessProfileIdentifier" : "00000000-0000-0004-0000-000000000004",
              "accessProfileName" : "Family",
              "accessProfileType" : "PRIM"
            }
          ],
          "meansAgreement" : {
            "defaultAccessProfileIdentifier" : "00000000-0000-0004-0000-000000000004"
          }
        }
      },
      "providerState" : "identity service holds the information of the customer"
    },
    {
      "request" : {
        "method" : "POST",
        "body" : {
          "agreementIdentifier" : {
            "agreementIdentifier" : "00000000-0000-0000-0000-00000000012d",
            "agreementIdentifierType" : "UUID"
          }
        },
        "path" : "/identities/agreement-identifiers/lookup",
        "headers" : {
          "Content-Type" : "application/json;charset=utf-8"
        }
      },
      "description" : "fetch customer identities by arrangement type and local id",
      "response" : {
        "status" : 200,
        "body" : {
          "individual" : {
            "involvedPartyIdentifier" : "4eb81c84-5cc1-4514-8f96-16ec7e2e4212"
          },
          "accessProfiles" : [
            {
              "accessProfileIdentifier" : "00000000-0000-0000-0000-0000000000c8",
              "accessProfileName" : "Family",
              "accessProfileType" : "PRIM"
            }
          ],
          "meansAgreement" : {
            "defaultAccessProfileIdentifier" : "00000000-0000-0000-0000-0000000000c8"
          }
        }
      },
      "providerState" : "identity service holds the information of the customer"
    },
    {
      "request" : {
        "method" : "POST",
        "body" : {
          "agreementIdentifier" : {
            "agreementIdentifier" : "00000000-0000-0000-0000-00000000012e",
            "agreementIdentifierType" : "UUID"
          }
        },
        "path" : "/identities/agreement-identifiers/lookup",
        "headers" : {
          "Content-Type" : "application/json;charset=utf-8"
        }
      },
      "description" : "fetch customer identities by arrangement type and local id",
      "response" : {
        "status" : 200,
        "body" : {
          "individual" : {
            "involvedPartyIdentifier" : "4eb81c84-5cc1-4514-8f96-16ec7e2e4212"
          },
          "accessProfiles" : [
            {
              "accessProfileIdentifier" : "00000000-0000-0000-0000-0000000000c9",
              "accessProfileName" : "Family",
              "accessProfileType" : "PRIM"
            }
          ],
          "meansAgreement" : {
            "defaultAccessProfileIdentifier" : "00000000-0000-0000-0000-0000000000c9"
          }
        }
      },
      "providerState" : "identity service holds the information of the customer"
    },
    {
      "request" : {
        "method" : "POST",
        "body" : {
          "agreementIdentifier" : {
            "agreementIdentifier" : "00000000-0000-0000-0000-00000000012f",
            "agreementIdentifierType" : "UUID"
          }
        },
        "path" : "/identities/agreement-identifiers/lookup",
        "headers" : {
          "Content-Type" : "application/json;charset=utf-8"
        }
      },
      "description" : "fetch customer identities by arrangement type and local id",
      "response" : {
        "status" : 200,
        "body" : {
          "individual" : {
            "involvedPartyIdentifier" : "4eb81c84-5cc1-4514-8f96-16ec7e2e4212"
          },
          "accessProfiles" : [
            {
              "accessProfileIdentifier" : "00000000-0000-0000-0000-0000000000cb",
              "accessProfileName" : "Family",
              "accessProfileType" : "PRIM"
            }
          ],
          "meansAgreement" : {
            "defaultAccessProfileIdentifier" : "00000000-0000-0000-0000-0000000000cb"
          }
        }
      },
      "providerState" : "identity service holds the information of the customer"
    },
    {
      "request" : {
          "method" : "POST",
          "matchingRules": {
              "$.body.involvedPartyInternalIdentifier.involvedPartyInternalIdentifierType": {
                  "regex": "ING_CORP_KEY"
              }
          },
        "path" : "/identities/individual-internal-identifiers/lookup",
        "headers" : {
          "Content-Type" : "application/json;charset=utf-8"
        }
      },
      "description" : "fetch worker identity by party identifier",
      "response" : {
        "status" : 200,
        "body" : {
          "individual" : {
            "involvedPartyIdentifier" : "4eb81c84-5cc1-4514-8f96-16ec7e2e4212",
            "workerIndicator" : "Y"
          },
          "accessProfiles" : [
            {
              "accessProfileIdentifier" : "988a48b0-27fa-47aa-9119-a7ee86b03916",
              "accessProfileName" : "Main",
              "accessProfileType" : "PRIM"
            }
          ],
          "meansAgreement" : {
            "defaultAccessProfileIdentifier" : "988a48b0-27fa-47aa-9119-a7ee86b03916"
          }
        }
      },
      "providerState" : "identity service holds the information of the customer"
    },
    {
      "request" : {
          "method" : "POST",
          "matchingRules": {
              "$.body.involvedPartyInternalIdentifier.involvedPartyInternalIdentifierType": {
                  "regex": "ING_CORP_KEY"
              }
          },
        "path" : "/v4/identities/individual-internal-identifiers/lookup",
        "headers" : {
          "Content-Type" : "application/json;charset=utf-8"
        }
      },
      "description" : "fetch worker identity by party identifier",
      "response" : {
        "status" : 200,
        "body" : {
          "individual" : {
            "id" : "4eb81c84-5cc1-4514-8f96-16ec7e2e4212",
            "workerIndicator" : "Y"
          },
          "accessProfiles" : [
            {
              "id" : "988a48b0-27fa-47aa-9119-a7ee86b03916",
              "name" : "Main",
              "type" : "PRIM"
            }
          ],
          "meansAgreement" : {
            "defaultAccessProfileId" : "988a48b0-27fa-47aa-9119-a7ee86b03916"
          }
        }
      },
      "providerState" : "identity service holds the information of the customer"
    },
    {
      "request" : {
        "method" : "POST",
        "matchingRules": {
              "$.body.involvedPartyInternalIdentifier.involvedPartyInternalIdentifierType": {
                  "regex": "UUID"
              }
        },
        "path" : "/identities/individual-internal-identifiers/lookup",
        "headers" : {
          "Content-Type" : "application/json;charset=utf-8"
        }
      },
      "description" : "fetch customer identities by party type and local id",
      "response" : {
        "status" : 200,
        "body" : {
          "individual" : {
            "involvedPartyIdentifier" : "00000000-0000-0004-0000-000000000004"
          },
          "accessProfiles" : [
            {
              "accessProfileIdentifier" : "00000000-0000-0004-0000-000000000004",
              "accessProfileName" : "Family",
              "accessProfileType" : "PRIM"
            },
            {
              "accessProfileIdentifier" : "00000000-0000-0000-0000-000000000029",
              "accessProfileName" : "Family",
              "accessProfileType" : "PRIV"
            }
          ],
          "meansAgreement" : {
            "defaultAccessProfileIdentifier" : "00000000-0000-0004-0000-000000000004"
          }
        }
      },
      "providerState" : "identity service holds the information of the customer"
    },
    {
      "request" : {
        "method" : "POST",
        "body" : {
          "involvedPartyInternalIdentifier" : {
            "involvedPartyInternalIdentifier" : "ab12cd",
            "involvedPartyInternalIdentifierType" : "corporateKey"
          }
        },
        "path" : "/identities/individual-internal-identifiers/lookup",
        "headers" : {
          "Content-Type" : "application/json;charset=utf-8"
        }
      },
      "description" : "fetch worker identity with corporate key party and profile ids by party identifier",
      "response" : {
        "status" : 200,
        "body" : {
          "individual" : {
            "involvedPartyIdentifier" : "ab12cd",
            "workerIndicator" : "Y"
          },
          "accessProfiles" : [
            {
              "accessProfileIdentifier" : "ab12cd",
              "accessProfileName" : "Main",
              "accessProfileType" : "PRIM"
            }
          ],
          "meansAgreement" : {
            "defaultAccessProfileIdentifier" : "ab12cd"
          }
        }
      },
      "providerState" : "identity service holds the information of the customer"
    },
    {
      "request" : {
        "method" : "POST",
        "body" : {
          "agreementIdentifier" : {
            "value" : "00000000-0000-0000-0000-000000000047",
            "type" : "UUID"
          }
        },
        "path" : "v4/identities/agreement-identifiers/lookup",
        "headers" : {
          "Content-Type" : "application/json;charset=utf-8"
        }
      },
      "description" : "fetch worker access profiles related to the means agreement type and value and identify the default access profile related to this means agreement",
      "response" : {
        "status" : 200,
        "body" : {
          "individual" : {
            "id" : "4eb81c84-5cc1-4514-8f96-16ec7e2e4212"
          },
          "accessProfiles" : [
            {
              "id" : "00000000-0000-0000-0000-0000000000cb",
              "name" : "Family",
              "type" : "PRIM"
            }
          ],
          "meansAgreement" : {
            "defaultAccessProfileId" : "00000000-0000-0000-0000-0000000000cb"
          }
        }
      },
      "providerState" : "identity service holds the access profiles"
    },
    {
      "request" : {
        "method" : "POST",
        "body" : {
          "agreementIdentifier" : {
            "value" : "2s27adyd88uua6sxsds807-notfound",
            "type" : "WB_MEANS_MTOKEN_ID"
          }
        },
        "path" : "v4/identities/agreement-identifiers/lookup",
        "headers" : {
          "Content-Type" : "application/json;charset=utf-8"
        }
      },
      "description" : "fetch worker access profiles related to the means agreement type and value and identify the default access profile related to this means agreement",
      "response" : {
        "status" : 200,
        "body" : {
          "individual" : {
            "id" : "4eb81c84-5cc1-4514-8f96-16ec7e2e4212"
          },
          "accessProfiles" : [
            {
              "id" : "00000000-0000-0004-0000-000000000004",
              "name" : "Family",
              "type" : "PRIM"
            }
          ],
          "meansAgreement" : {
            "defaultAccessProfileId" : "00000000-0000-0004-0000-000000000004"
          }
        }
      },
      "providerState" : "identity service holds the access profiles"
    },
    {
      "request" : {
        "method" : "POST",
        "body" : {
          "involvedPartyInternalIdentifier" : {
            "id" : "00000000-0000-0000-0000-000000000047",
            "type" : "ING_CORP_KEY"
          }
        },
        "path" : "v4/identities/individual-internal-identifiers/lookup",
        "headers" : {
          "Content-Type" : "application/json;charset=utf-8"
        }
      },
      "description" : "fetch worker identities by party type and local id",
      "response" : {
        "status" : 200,
        "body" : {
          "individual" : {
            "id":"4eb81c84-5cc1-4514-8f96-16ec7e2e4212",
            "workerIndicator":"Y"
          },
          "accessProfiles" : [
            {
              "id":"988a48b0-27fa-47aa-9119-a7ee86b03916",
              "name":"Main",
              "type":"PRIM"
            }
          ],
          "meansAgreement" : {
            "defaultAccessProfileId" : "988a48b0-27fa-47aa-9119-a7ee86b03916"
          }
        }
      },
      "providerState" : "identity service holds the information of the worker"
    },
    {
      "request" : {
        "method" : "POST",
        "body" : {
          "involvedPartyInternalIdentifier" : {
            "id" : "00000000-0000-0000-0000-000000000047",
            "type" : "UUID"
          }
        },
        "path" : "v4/identities/individual-internal-identifiers/lookup",
        "headers" : {
          "Content-Type" : "application/json;charset=utf-8"
        }
      },
      "description" : "fetch customer identities by party type and local id",
      "response" : {
        "status" : 200,
        "body" : {
          "individual" : {
            "id": "00000000-0000-0004-0000-000000000004"
          },
          "accessProfiles" : [
            {
              "id": "00000000-0000-0004-0000-000000000004",
              "type": "ING_CORP_KEY",
              "name": "Family"
            },
            {
              "id": "00000000-0000-0000-0000-000000000029",
              "type": "ING_CORP_KEY",
              "name": "Family"
            }
          ],
          "meansAgreement" : {
            "defaultAccessProfileId" : "00000000-0000-0004-0000-000000000004"
          }
        }
      },
      "providerState" : "identity service holds the information of the customer"
    },
    {
      "request" : {
        "method" : "POST",
        "body" : {
          "involvedPartyInternalIdentifier" : {
            "involvedPartyInternalIdentifier" : "ab12cd",
            "involvedPartyInternalIdentifierType" : "corporateKey"
          }
        },
        "path" : "/identities/individual-internal-identifiers/lookup",
        "headers" : {
          "Content-Type" : "application/json;charset=utf-8"
        }
      },
      "description" : "fetch worker identity with corporate key party and profile ids by party identifier",
      "response" : {
        "status" : 200,
        "body" : {
          "individual" : {
            "involvedPartyIdentifier" : "ab12cd",
            "workerIndicator" : "Y"
          },
          "accessProfiles" : [
            {
              "accessProfileIdentifier" : "ab12cd",
              "accessProfileName" : "Main",
              "accessProfileType" : "PRIM"
            }
          ],
          "meansAgreement" : {
            "defaultAccessProfileIdentifier" : "ab12cd"
          }
        }
      },
      "providerState" : "identity service holds the information of the customer"
    },
    {
      "request" : {
        "method" : "POST",
        "body" : {
          "agreementIdentifier" : {
            "value" : "00000000-0000-0000-0000-000000000047",
            "type" : "UUID"
          }
        },
        "path" : "v4/identities/agreement-identifiers/lookup",
        "headers" : {
          "Content-Type" : "application/json;charset=utf-8"
        }
      },
      "description" : "fetch worker access profiles related to the means agreement type and value and identify the default access profile related to this means agreement",
      "response" : {
        "status" : 200,
        "body" : {
          "individual" : {
            "id" : "4eb81c84-5cc1-4514-8f96-16ec7e2e4212"
          },
          "accessProfiles" : [
            {
              "id" : "00000000-0000-0000-0000-0000000000cb",
              "name" : "Family",
              "type" : "PRIM"
            }
          ],
          "meansAgreement" : {
            "defaultAccessProfileId" : "00000000-0000-0000-0000-0000000000cb"
          }
        }
      },
      "providerState" : "identity service holds the access profiles"
    },
    {
      "request" : {
        "method" : "POST",
        "body" : {
          "agreementIdentifier" : {
            "value" : "2s27adyd88uua6sxsds807-notfound",
            "type" : "WB_MEANS_MTOKEN_ID"
          }
        },
        "path" : "v4/identities/agreement-identifiers/lookup",
        "headers" : {
          "Content-Type" : "application/json;charset=utf-8"
        }
      },
      "description" : "fetch worker access profiles related to the means agreement type and value and identify the default access profile related to this means agreement",
      "response" : {
        "status" : 200,
        "body" : {
          "individual" : {
            "id" : "4eb81c84-5cc1-4514-8f96-16ec7e2e4212"
          },
          "accessProfiles" : [
            {
              "id" : "00000000-0000-0004-0000-000000000004",
              "name" : "Family",
              "type" : "PRIM"
            }
          ],
          "meansAgreement" : {
            "defaultAccessProfileId" : "00000000-0000-0004-0000-000000000004"
          }
        }
      },
      "providerState" : "identity service holds the access profiles"
    },
    {
      "request" : {
        "method" : "POST",
        "body" : {
          "involvedPartyInternalIdentifier" : {
            "id" : "00000000-0000-0000-0000-000000000047",
            "type" : "ING_CORP_KEY"
          }
        },
        "path" : "v4/identities/individual-internal-identifiers/lookup",
        "headers" : {
          "Content-Type" : "application/json;charset=utf-8"
        }
      },
      "description" : "fetch worker identities by party type and local id",
      "response" : {
        "status" : 200,
        "body" : {
          "individual" : {
            "id":"4eb81c84-5cc1-4514-8f96-16ec7e2e4212",
            "workerIndicator":"Y"
          },
          "accessProfiles" : [
            {
              "id":"988a48b0-27fa-47aa-9119-a7ee86b03916",
              "name":"Main",
              "type":"PRIM"
            }
          ],
          "meansAgreement" : {
            "defaultAccessProfileId" : "988a48b0-27fa-47aa-9119-a7ee86b03916"
          }
        }
      },
      "providerState" : "identity service holds the information of the worker"
    },
    {
      "request" : {
        "method" : "POST",
        "body" : {
          "involvedPartyInternalIdentifier" : {
            "id" : "00000000-0000-0000-0000-000000000047",
            "type" : "UUID"
          }
        },
        "path" : "v4/identities/individual-internal-identifiers/lookup",
        "headers" : {
          "Content-Type" : "application/json;charset=utf-8"
        }
      },
      "description" : "fetch customer identities by party type and local id",
      "response" : {
        "status" : 200,
        "body" : {
          "individual" : {
            "id": "00000000-0000-0004-0000-000000000004"
          },
          "accessProfiles" : [
            {
              "id": "00000000-0000-0004-0000-000000000004",
              "type": "ING_CORP_KEY",
              "name": "Family"
            },
            {
              "id": "00000000-0000-0000-0000-000000000029",
              "type": "ING_CORP_KEY",
              "name": "Family"
            }
          ],
          "meansAgreement" : {
            "defaultAccessProfileId" : "00000000-0000-0004-0000-000000000004"
          }
        }
      },
      "providerState" : "identity service holds the information of the customer"
    }
  ]
}
