[
  {
    "access_token": {
      "client_id": "clientId",
      "executor": {
        "grant": "grantId",
        "level_of_assurance": 2,
        "means": [
          {
            "id": "meansId",
            "type": "meansType"
          }
        ],
        "person": "personId",
        "profile": "profileId",
        "type": "customer"
      },
      "not_before":  "${currentTime}",
      "time_to_live": 60000,
      "pinning_type": "Cookie",
      "pinning_value": "1674fb50-1006-44ca-a343-0e2a4cb413ac",
      "scopes": [
        "personal_data"
      ],
      "trace_enabled": true
    },
    "refresh_token": {
      "time_to_live": 600000
    },
    "token_identifier": "string",
    "unencrypted": true
  }
]