<?xml version="1.0" encoding="UTF-8"?>
<configuration>
    <appender name="FILE" class="ch.qos.logback.core.rolling.RollingFileAppender">
        <file>${RIAF_LOG_DIR}/grdm.api.log</file>
        <encoder class="ch.qos.logback.classic.encoder.PatternLayoutEncoder">
            <Pattern>%d{ISO8601} [%thread] %level %class %msg%n</Pattern>
        </encoder>
        <rollingPolicy class="ch.qos.logback.core.rolling.TimeBasedRollingPolicy">
            <fileNamePattern>${RIAF_LOG_DIR}/grdm.api.log.%d{yyyy-MM-dd}.gz</fileNamePattern>
            <maxHistory>30</maxHistory>
        </rollingPolicy>
    </appender>
     <logger name="com.ing.grdm" level="INFO" additivity="false">
        <appender-ref ref="FILE"/>
    </logger>
</configuration>


