<?xml version="1.0" encoding="utf-8" standalone="no"?>
<environments>
	<environment name="DEV">
		<emails name="to">
			<email address="sdm.it@ingbank.com"/>
		</emails>
		<emails name="cc">
			<email address="sdm.it@ingbank.com"/>
		</emails>
		<emails name="cmdb">
			<email address="sdm.it@ingbank.com"/>
		</emails>
		<emails name="sema">
			<email address="sdm.it@ingbank.com"/>
		</emails>
	</environment>
	<environment name="TST">
		<emails name="to">
			<email address="sdm.it@ingbank.com"/>
		</emails>
		<emails name="cc">
			<email address="sdm.it@ingbank.com"/>
		</emails>
		<emails name="cmdb">
			<email address="sdm.it@ingbank.com"/>
		</emails>
		<emails name="sema">
			<email address="sdm.it@ingbank.com"/>
		</emails>
	</environment>
	<environment name="ACC">
		<emails name="to">
			<email address="sdm.it@ingbank.com"/>
		</emails>
		<emails name="cc">
			<email address="sdm.it@ingbank.com"/>
		</emails>
		<emails name="cmdb">
			<email address="sdm.it@ingbank.com"/>
		</emails>
		<emails name="sema">
			<email address="sdm.it@ingbank.com"/>
		</emails>
	</environment>
	<environment name="PRD">
		<emails name="to">
			<email address="sdm.it@ingbank.com"/>
		</emails>
		<emails name="cc">
			<email address="sdm.it@ingbank.com"/>
		</emails>
		<emails name="cmdb">
			<email address="sdm.it@ingbank.com"/>
		</emails>
		<emails name="sema">
			<email address="sdm.it@ingbank.com"/>
		</emails>
	</environment>
</environments>
