<?xml version="1.0" encoding="utf-8" standalone="no"?>
<environments>
	<environment name="DEV">
		<subenvs>
			<subenv name="dcr">
				<servers>
					<server role="TCServer" hostname="lrv171tw.europe.intranet"/>
					<server role="Logstash" hostname="lrv171tw.europe.intranet"/>
					<server role="Oracle execution" hostname="lrv171le.europe.intranet">
						<properties>
							<property key="database-server" value="lrv171le.europe.intranet"/>
							<property key="database-user" value="grdm_owner"/>
							<property key="database-SID" value="DGRDM"/>
						</properties>
					</server>
				</servers>
			</subenv>
		</subenvs>
	</environment>
	<environment name="TST">
		<subenvs>
			<subenv name="dcr">
				<servers>
					<server role="TCServer" hostname="lrv17111.europe.intranet"/>
					<server role="Logstash" hostname="lrv17111.europe.intranet"/>
					<server role="Oracle execution" hostname="lrv17111.europe.intranet">
						<properties>
							<property key="database-server" value="lrv1712x.europe.intranet"/>
							<property key="database-user" value="grdm_owner"/>
							<property key="database-SID" value="TGRDMJ"/>
						</properties>
					</server>
				</servers>
			</subenv>
			<subenv name="wpr">
				<servers>
					<server role="TCServer" hostname="lrv1714f.europe.intranet"/>
					<server role="Logstash" hostname="lrv1714f.europe.intranet"/>
				</servers>
			</subenv>
		</subenvs>
	</environment>
	<environment name="ACC">
		<subenvs>
			<subenv name="dcr">
				<servers>
					<server role="TCServer" hostname="lrv171l2.europe.intranet"/>
					<server role="TCServer" hostname="lrv18033.europe.intranet"/>
					<server role="Logstash" hostname="lrv171l2.europe.intranet"/>
					<server role="Logstash" hostname="lrv18033.europe.intranet"/>
					<server role="Oracle execution" hostname="lrv171ru.europe.intranet">
						<properties>
							<property key="database-server" value="lrv171ru.europe.intranet"/>
							<property key="database-user" value="grdm_owner"/>
							<property key="database-SID" value="AGRDMJ"/>
						</properties>
					</server>
				</servers>
			</subenv>
			<subenv name="wpr">
				<servers>
					<server role="TCServer" hostname="lrv171km.europe.intranet"/>
					<server role="TCServer" hostname="lrv18079.europe.intranet"/>
					<server role="Logstash" hostname="lrv171km.europe.intranet"/>
					<server role="Logstash" hostname="lrv18079.europe.intranet"/>
				</servers>
			</subenv>
		</subenvs>
	</environment>
	<environment name="PRD">
		<subenvs>
			<subenv name="dcr">
				<servers>
					<server role="TCServer" hostname="lrv171qh.europe.intranet"/>
					<server role="TCServer" hostname="lrv1802l.europe.intranet"/>
					<server role="Logstash" hostname="lrv171qh.europe.intranet"/>
					<server role="Logstash" hostname="lrv1802l.europe.intranet"/>
					<server role="Oracle execution" hostname="lrv171qv.europe.intranet">
						<properties>
							<property key="database-server" value="lrv171qv.europe.intranet"/>
							<property key="database-user" value="grdm_owner"/>
							<property key="database-SID" value="PGRDMJ"/>
						</properties>
					</server>
				</servers>
			</subenv>
			<subenv name="wpr">
				<servers>
					<server role="TCServer" hostname="lrv171ql.europe.intranet"/>
					<server role="TCServer" hostname="lrv1802q.europe.intranet"/>
					<server role="Logstash" hostname="lrv171ql.europe.intranet"/>
					<server role="Logstash" hostname="lrv1802q.europe.intranet"/>
				</servers>
			</subenv>
		</subenvs>
	</environment>
</environments>
