<?xml version="1.0" encoding="utf-8" standalone="no"?>
<releasemanifest apptype="TCS">
	<information>
		<!-- Changenummer from HPSC, is used to start/stop the change and informing MCR-->
		<change number="CHG0098325"/>
		<!-- CMDB business application information for creation/update of CMDB application components -->
		<cmdb bus-appl-ci-appname="GRDM" bus-appl-ci-id="GRDM" env="PRD"/>
		<cmdb bus-appl-ci-appname="GRDM_[A]" bus-appl-ci-id="GRDM_[A]" env="ACC"/>
		<cmdb bus-appl-ci-appname="GRDM_[T]" bus-appl-ci-id="GRDM_[T]" env="TST"/>
		<cmdb bus-appl-ci-appname="GRDM_[D]" bus-appl-ci-id="GRDM_[D]" env="DEV"/>
	</information>

	<autodeployments>
		<autodeployment name="DEV" deploy="true">
			<subenvs>
				<subenv name="dcr"/>
			</subenvs>
		</autodeployment>
		<autodeployment name="TST" deploy="true">
			<subenvs>
				<subenv name="dcr"/>
			</subenvs>
			<subenvs>
				<subenv name="wpr"/>
			</subenvs>
		</autodeployment>
		<autodeployment name="ACC" deploy="false">
			<subenvs>
				<subenv name="dcr"/>
			</subenvs>
			<subenvs>
				<subenv name="wpr"/>
			</subenvs>
		</autodeployment>
		<autodeployment name="PRD" deploy="false">
			<subenvs>
				<subenv name="dcr"/>
			</subenvs>
			<subenvs>
				<subenv name="wpr"/>
			</subenvs>
		</autodeployment>
	</autodeployments>

	<deploytypes>
		<deploytype name="TCServer" deploy="true" uninstallstep="false" deploy-infra="false">
			<artifacts>
				<artifact name="${project.artifactId}-${project.version}-config.tar"
				          path="/releases_mvn_GRDM/nl/ing/nolio/apps/${project.artifactId}/${project.version}"
				          source="artifactory"
				          version="${project.version}" type="configtar" env="DEV,TST,ACC,PRD"/>
				<artifact name="tcserver-deployer-${ing.tcserver-deployer.version}-bin.tar"
				          path="/releases_mvn_all/nl/ing/tcserver/tcserver-deployer/${ing.tcserver-deployer.version}"
				          source="artifactory"
				          version="${ing.tcserver-deployer.version}" type="tcdeployer" env="DEV,TST,ACC,PRD"/>
			</artifacts>
		</deploytype>
		<deploytype name="Logstash" deploy="true" uninstallstep="false">
			<artifacts>
				<artifact name="500-${project.parent.artifactId}-DEV.conf"
				          path="/releases_mvn_GRDM/nl/ing/nolio/apps/${project.parent.artifactId}/${project.version}"
				          source="artifactoryzip"
				          version="${project.version}" env="DEV"/>
				<artifact name="500-${project.parent.artifactId}-TST.conf"
				          path="/releases_mvn_GRDM/nl/ing/nolio/apps/${project.parent.artifactId}/${project.version}"
				          source="artifactoryzip"
				          version="${project.version}" env="TST"/>

				<artifact name="500-${project.parent.artifactId}-ACC.conf"
				          path="/releases_mvn_GRDM/nl/ing/nolio/apps/${project.parent.artifactId}/${project.version}"
				          source="artifactoryzip"
				          version="${project.version}" env="ACC"/>
				<artifact name="500-${project.parent.artifactId}-PRD.conf"
				          path="/releases_mvn_GRDM/nl/ing/nolio/apps/${project.parent.artifactId}/${project.version}"
				          source="artifactoryzip"
				          version="${project.version}" env="PRD"/>
			</artifacts>
		</deploytype>
		<deploytype name="Oracle" deploy="true">
			<artifacts>
				<!-- Adjust naming to own liking. Optional attributes, onChange="Always|Ignore|Skip|Fail" script=”run_all.sql” env=”DEV,TST,ACC,PRD” useSQLPlus="true" SQLPlusParameters="param1 param2 etc"-->
				<artifact name="reference-data-api-sql-${project.version}-sql-files.zip"
				          path="/releases_mvn_GRDM/com/ing/grdm/reference-data-api-sql/${project.version}"
				          source="artifactory"
				          version="${project.version}" onChange="Skip" type="sql" env="DEV,TST,ACC,PRD"/>
				<!-- Specify a password file if it is not yet defined elsewhere or if you want to use separate password files -->
				<!-- Not providing password file will ask for owner account user's password during deployment, perfect for PWV-managed accounts -->
				<artifact name="oracle-pwds-OTA.csv.enc"
				          path="/releases_mvn_GRDM/nl/ing/nolio/apps/${project.artifactId}/${project.version}"
				          source="artifactorytargz"
				          version="${project.version}" type="encrypted-pwd-file" env="DEV,TST"/>
			</artifacts>
		</deploytype>
	</deploytypes>

	<testtypes>
		<!-- TestContainers to run after your deployment (deploy="true" to activate)-->
		<testtype name="TestContainer" deploy="true" env="TST">
			<testcontainer name="reference-data-api-performancetest" version="0.1"
			               optargs="&amp;vUser=300&amp;rampUpTime=60&amp;duration=300&amp;throughput=60000"/>
		</testtype>
		<testtype name="TestContainer" deploy="true" env="TST,ACC">
			<testcontainer name="reference-data-api-functionaltest" version="1.3.0"
			               optargs="&amp;buildnumber=${build.number}"/>
		</testtype>
	</testtypes>

</releasemanifest>
