<assembly
	xmlns="http://maven.apache.org/plugins/maven-assembly-plugin/assembly/1.1.2"
	xmlns:xsi="http://www.w3.org/2001/XMLSchema-instance"
	xsi:schemaLocation="http://maven.apache.org/plugins/maven-assembly-plugin/assembly/1.1.2 http://maven.apache.org/xsd/assembly-1.1.2.xsd">

    <id>config</id>
    <formats>
        <format>tar</format>
    </formats>
	
    <includeBaseDirectory>false</includeBaseDirectory>

    <fileSets>
        <fileSet>
            <directory>target/generated-sources/environments</directory>
            <outputDirectory>application/environments</outputDirectory>
            <includes>
                <include>*.tar</include>
            </includes>
            <excludes>
                <exclude>*-local.tar</exclude>
            </excludes>
        </fileSet>
        <fileSet>
            <directory>src/main/environments</directory>
            <outputDirectory>application/environments</outputDirectory>
            <includes>
                <include>deploy-env.*.properties</include>
            </includes>
            <fileMode>0755</fileMode>
            <filtered>false</filtered>
            <lineEnding>unix</lineEnding>
        </fileSet>
        <fileSet>
            <directory>${basedir}/src/main/environments</directory>
            <outputDirectory>application/environments</outputDirectory>
            <includes>
                <include>deploy-pwd.*.csv.enc</include>
            </includes>
            <fileMode>0755</fileMode>
            <!-- DO NOT modify these, and preserve contents, since these are ciphertext... -->
            <filtered>false</filtered>
            <lineEnding>keep</lineEnding>
        </fileSet>
        <fileSet>
            <directory>src/main/templates</directory>
            <outputDirectory>application/templates</outputDirectory>
            <includes>
                <include>**</include>
            </includes>
            <fileMode>0755</fileMode>
            <!-- DO NOT modify these, and preserve contents, since these might contain binaries... -->
            <filtered>false</filtered>
            <lineEnding>keep</lineEnding>
        </fileSet>
    </fileSets>

     <dependencySets>
         <dependencySet>
             <includes>
                 <include>*:*:war</include>
             </includes>
             <outputDirectory>application/webapps</outputDirectory>
         </dependencySet>
     </dependencySets>

</assembly>
