<?xml version="1.0" encoding="UTF-8"?>
<assembly xmlns="http://maven.apache.org/plugins/maven-assembly-plugin/assembly/1.1.0"
          xmlns:xsi="http://www.w3.org/2001/XMLSchema-instance"
          xsi:schemaLocation="http://maven.apache.org/plugins/maven-assembly-plugin/assembly/1.1.0 http://maven.apache.org/xsd/assembly-1.1.0.xsd">
    <id>500-${project.artifactId}-ACC.conf</id>
    <includeBaseDirectory>false</includeBaseDirectory>
    <formats>
        <format>zip</format>
    </formats>
    <fileSets>
        <fileSet>
            <directory>${basedir}/src/main/logstash</directory>
            <outputDirectory>/</outputDirectory>
            <filtered>true</filtered>
            <includes>
                <include>500-${project.artifactId}-ACC.conf</include>
            </includes>
        </fileSet>
    </fileSets>
</assembly>
