{
  "request": {
    "method": "POST",
    "bodyPatterns": [
      {
        "ignoreExtraElements": true,
        "matchesJsonPath": {
          "expression": "$.agreementIdentifier.agreementIdentifierType",
          "matches": "WB_MEANS_MTOKEN_ID"
        }
      }
    ],
    "urlPath": "/identities/agreement-identifiers/lookup",
    "headers": {
      "Content-Type": {
        "contains": "application/json"
      }
    }
  },
  "response": {
    "status": 200,
    "jsonBody": {
      "individual": {
        "involvedPartyIdentifier": "4eb81c84-5cc1-4514-8f96-16ec7e2e4212"
      },
      "accessProfiles": [
        {
          "accessProfileIdentifier": "00000000-0000-0004-0000-000000000004",
          "accessProfileName": "Family"
        }
      ],
      "meansAgreement": {
        "defaultAccessProfileIdentifier": "00000000-0000-0004-0000-000000000004"
      }
    }
  }
}
