{
  "request": {
    "method": "POST",
    "bodyPatterns": [
      {
        "ignoreExtraElements": true,
        "matchesJsonPath": {
          "expression": "$.agreementIdentifier.agreementIdentifierType",
          "matches": "UUID"
        }
      }
    ],
    "urlPath": "/identities/agreement-identifiers/lookup",
    "headers": {
      "Content-Type": {
        "contains": "application/json"
      }
    }
  },
  "response": {
    "status": 200,
    "jsonBody": {
      "individual": {
        "involvedPartyIdentifier": "00000000-0000-0000-0000-000000000001",
        "workerIndicator": "N",
        "logicalDataDomain": "ING_NL"
      },
      "accessProfiles": [
        {
          "accessProfileIdentifier": "00000000-0000-0000-0000-000000000002",
          "accessProfileType": "PRIM",
          "accessProfileName": "Primary"
        }
      ],
      "meansAgreement": {
        "defaultAccessProfileIdentifier": "00000000-0000-0000-0000-000000000002"
      }
    }
  }
}
