{
  "request": {
    "method": "POST",
    "bodyPatterns": [
      {
        "ignoreExtraElements": true,
        "matchesJsonPath": {
          "expression": "$.involvedPartyInternalIdentifier.involvedPartyInternalIdentifierType",
          "matches": "UUID"
        }
      }
    ],
    "urlPath": "/identities/individual-internal-identifiers/lookup",
    "headers": {
      "Content-Type": {
        "contains": "application/json"
      }
    }
  },
  "response": {
    "status": 200,
    "jsonBody": {
      "individual": {
        "involvedPartyIdentifier": "00000000-0000-0004-0000-000000000004"
      },
      "accessProfiles": [
        {
          "accessProfileIdentifier": "00000000-0000-0004-0000-000000000004",
          "accessProfileType": "ING_CORP_KEY",
          "accessProfileName": "Family"
        },
        {
          "accessProfileIdentifier": "00000000-0000-0000-0000-000000000029",
          "accessProfileType": "ING_CORP_KEY",
          "accessProfileName": "Family"
        }
      ],
      "meansAgreement": {
        "defaultAccessProfileIdentifier": "00000000-0000-0004-0000-000000000004"
      }
    }
  }
}
