{
  "request": {
    "method": "POST",
    "bodyPatterns": [
      {
        "ignoreExtraElements": true,
        "matchesJsonPath": {
          "expression": "$.involvedPartyInternalIdentifier.involvedPartyInternalIdentifierType",
          "matches": "ING_CORP_KEY"
        }
      }
    ],
    "urlPath": "/identities/individual-internal-identifiers/lookup",
    "headers": {
      "Content-Type": {
        "contains": "application/json"
      }
    }
  },
  "response": {
    "status": 200,
    "jsonBody": {
      "individual": {
        "involvedPartyIdentifier": "ab12cd",
        "workerIndicator": "Y"
      },
      "accessProfiles": [
        {
          "accessProfileIdentifier": "ab12cd",
          "accessProfileType": "ING_CORP_KEY",
          "accessProfileName": "Main"
        }
      ],
      "meansAgreement": {
        "defaultAccessProfileIdentifier": "ab12cd"
      }
    }
  }
}
