{
  "request": {
    "method": "POST",
    "bodyPatterns": [
      {
        "ignoreExtraElements": true,
        "matchesJsonPath": {
          "expression": "$.involvedParty.internalIdentifier.type",
          "matches": "ING_CORP_KEY"
        }
      }
    ],
    "urlPath": "/identities/lookup",
    "headers": {
      "Content-Type": {
        "contains": "application/json"
      }
    }
  },
  "response": {
    "status": 200,
    "jsonBody": {
      "involvedParty": {
        "individual": {
          "id": "ab12cd",
          "workerIndicator": "Y"
        }
      },
      "individualRoleProfiles": [
        {
          "id": "ab12cd",
          "name": "Main"
        }
      ],
      "defaultIndividualRoleProfile": {
        "id": "ab12cd"
      }
    }
  }
}
