{
    "request": {
        "method": "POST",
        "bodyPatterns": [
            {
                "ignoreExtraElements": true,
                "matchesJsonPath": {
                    "expression": "$.agreementIdentifier.type",
                    "matches": "WB_MEANS_MTOKEN_ID"
                }
            }
        ],
        "urlPath": "/v4/identities/agreement-identifiers/lookup",
        "headers": {
            "Content-Type": {
                "contains": "application/json"
            }
        }
    },
    "response": {
        "status": 200,
        "jsonBody": {
            "individual": {
                "id": "4eb81c84-5cc1-4514-8f96-16ec7e2e4212"
            },
            "accessProfiles": [
                {
                    "id": "00000000-0000-0004-0000-000000000004",
                    "name": "Family",
                    "type": "PRIM"
                }
            ],
            "meansAgreement": {
                "defaultAccessProfileId": "00000000-0000-0004-0000-000000000004"
            }
        }
    }
}
