{
    "request": {
        "method": "POST",
        "bodyPatterns": [
            {
                "ignoreExtraElements": true,
                "matchesJsonPath": {
                    "expression": "$.agreementIdentifier.type",
                    "matches": "UUID"
                }
            }
        ],
        "urlPath": "/v4/identities/agreement-identifiers/lookup",
        "headers": {
            "Content-Type": {
                "contains": "application/json"
            }
        }
    },
    "response": {
        "status": 200,
        "jsonBody": {
            "individual": {
                "id": "00000000-0000-0000-0000-000000000001"
            },
            "accessProfiles": [
                {
                    "id": "00000000-0000-0000-0000-000000000002",
                    "type": "PRIM",
                    "name": "Primary"
                }
            ],
            "meansAgreement": {
                "defaultAccessProfileId": "00000000-0000-0000-0000-000000000002"
            }
        }
    }
}
