{
    "request": {
        "method": "POST",
        "bodyPatterns": [
            {
                "ignoreExtraElements": true,
                "matchesJsonPath": {
                    "expression": "$.involvedPartyInternalIdentifier.type",
                    "matches": "ING_CORP_KEY"
                }
            }
        ],
        "urlPath": "/v4/identities/individual-internal-identifiers/lookup",
        "headers": {
            "Content-Type": {
                "contains": "application/json"
            }
        }
    },
    "response": {
        "status": 200,
        "jsonBody": {
          "individual": {
            "id":"4eb81c84-5cc1-4514-8f96-16ec7e2e4212",
            "workerIndicator":"Y"
          },
          "accessProfiles":[
            {
              "id":"988a48b0-27fa-47aa-9119-a7ee86b03916",
              "name":"Main",
              "type":"PRIM"
            }
          ],
          "meansAgreement":{
            "defaultAccessProfileId":"988a48b0-27fa-47aa-9119-a7ee86b03916"
          }
        }
    }
}
