{
    "request": {
        "method": "POST",
        "bodyPatterns": [
            {
                "ignoreExtraElements": true,
                "matchesJsonPath": {
                    "expression": "$.involvedPartyInternalIdentifier.type",
                    "matches": "UUID"
                }
            }
        ],
        "urlPath": "/v4/identities/individual-internal-identifiers/lookup",
        "headers": {
            "Content-Type": {
                "contains": "application/json"
            }
        }
    },
    "response": {
        "status": 200,
        "jsonBody": {
            "individual": {
                "id": "00000000-0000-0004-0000-000000000004"
            },
            "accessProfiles": [
                {
                    "id": "00000000-0000-0004-0000-000000000004",
                    "type": "ING_CORP_KEY",
                    "name": "Family"
                },
                {
                    "id": "00000000-0000-0000-0000-000000000029",
                    "type": "ING_CORP_KEY",
                    "name": "Family"
                }
            ],
            "meansAgreement": {
                "defaultAccessProfileId": "00000000-0000-0004-0000-000000000004"
            }
        }
    }
}
