{
    "request": {
        "method": "POST",
        "bodyPatterns": [
            {
                "ignoreExtraElements": true,
                "matchesJsonPath": {
                    "expression": "$.agreement.identifier.type",
                    "matches": "WB_MEANS_MTOKEN_ID"
                }
            }
        ],
        "urlPath": "/v4/identities/lookup",
        "headers": {
            "Content-Type": {
                "contains": "application/json"
            }
        }
    },
    "response": {
        "status": 200,
        "jsonBody": {
            "involvedParty": {
                "individual": {
                    "id": "4eb81c84-5cc1-4514-8f96-16ec7e2e4212"
                }
            },
            "individualRoleProfiles": [
                {
                    "id": "00000000-0000-0004-0000-000000000004",
                    "name": "Family"
                }
            ],
            "defaultIndividualRoleProfile": {
                "id": "00000000-0000-0004-0000-000000000004"
            }
        }
    }
}
