<?xml version="1.0" encoding="UTF-8"?>
<assembly xmlns="http://maven.apache.org/plugins/maven-assembly-plugin/assembly/1.1.0 "
          xmlns:xsi="http://www.w3.org/2001/XMLSchema-instance "
          xsi:schemaLocation="http://maven.apache.org/plugins/maven-assembly-plugin/assembly/1.1.0 http://maven.apache.org/xsd/assembly-1.1.0.xsd ">
	<id>oracle-pwds-OTA.csv.enc</id>
	<includeBaseDirectory>false</includeBaseDirectory>
	<formats>
		<format>tar.gz</format>
	</formats>
	<fileSets>
		<fileSet>
			<directory>${basedir}</directory>
			<outputDirectory>/</outputDirectory>
			<filtered>false</filtered>
			<includes>
				<include>oracle-pwds-OTA.csv.enc</include>
			</includes>
		</fileSet>
	</fileSets>

</assembly>
